Date,Max_Demand_GW,Plant_Production_GWh,Imports_GWh,Renewables_Production_GWh,powerplants_c02_kt,GDP_mln,Population_k,tmin,tavg,tmax
2003-01-01 00:00:00,0.36,91.04,0.0,0.0,0.0,196.43,398.58,10.9,13.2,15.6
2003-01-16 12:00:00,0.38,91.04,0.0,0.0,0.0,196.43,398.58,9.4,11.8,14.3
2003-02-01 00:00:00,0.4,93.55,0.0,0.0,0.0,201.85,398.58,7.9,10.4,13.0
2003-02-15 00:00:00,0.37,93.55,0.0,0.0,0.0,201.85,398.6920833333333,8.850000000000001,11.55,14.35
2003-03-01 00:00:00,0.34,88.185,0.0,0.0,0.0,190.27,398.8041666666667,9.8,12.7,15.7
2003-03-16 12:00:00,0.32,88.185,0.0,0.0,0.0,190.27,398.91625,11.100000000000001,14.1,17.2
2003-04-01 00:00:00,0.3,78.265,0.0,0.0,0.0,168.87,399.0283333333333,12.4,15.5,18.7
2003-04-16 00:00:00,0.29000000000000004,78.265,0.0,0.0,0.0,168.87,399.1404166666666,14.2,17.95,21.75
2003-05-01 00:00:00,0.28,81.985,0.0,0.0,0.0,176.89,399.2525,16.0,20.4,24.8
2003-05-16 12:00:00,0.33,81.985,0.0,0.0,0.0,176.89,399.3645833333333,18.7,23.25,27.8
2003-06-01 00:00:00,0.38,96.985,0.0,0.0,0.0,209.26,399.47666666666663,21.4,26.1,30.8
2003-06-16 00:00:00,0.39,96.985,0.0,0.0,0.0,209.26,399.58875,22.65,27.450000000000003,32.2
2003-07-01 00:00:00,0.4,116.475,0.0,0.0,0.0,251.31,399.7008333333333,23.9,28.8,33.6
2003-07-16 12:00:00,0.4,116.475,0.0,0.0,0.0,251.31,399.81291666666664,23.9,28.75,33.5
2003-08-01 00:00:00,0.4,113.545,0.0,0.0,0.0,244.99,399.92499999999995,23.9,28.7,33.4
2003-08-16 12:00:00,0.395,113.545,0.0,0.0,0.0,244.99,400.0370833333333,22.549999999999997,26.6,30.549999999999997
2003-09-01 00:00:00,0.39,94.385,0.0,0.0,0.0,203.65,400.14916666666664,21.2,24.5,27.7
2003-09-16 00:00:00,0.365,94.385,0.0,0.0,0.0,203.65,400.26124999999996,20.15,23.3,26.4
2003-10-01 00:00:00,0.34,91.53,0.0,0.0,0.0,197.49,400.37333333333333,19.1,22.1,25.1
2003-10-16 12:00:00,0.32,91.53,0.0,0.0,0.0,197.49,400.48541666666665,16.950000000000003,20.05,23.15
2003-11-01 00:00:00,0.3,81.205,0.0,0.0,0.0,175.21,400.59749999999997,14.8,18.0,21.2
2003-11-16 00:00:00,0.32999999999999996,81.205,0.0,0.0,0.0,175.21,400.70958333333334,13.100000000000001,15.95,18.799999999999997
2003-12-01 00:00:00,0.36,90.62,0.0,0.0,0.0,195.53,400.82166666666666,11.4,13.9,16.4
2003-12-16 12:00:00,0.365,90.62,0.0,0.0,0.0,195.53,400.93375,10.4,13.05,15.7
2004-01-01 00:00:00,0.37,97.815,0.0,0.0,0.0,216.74,401.0458333333333,9.4,12.2,15.0
2004-01-16 12:00:00,0.365,97.815,0.0,0.0,0.0,216.74,401.15791666666667,9.55,12.6,15.65
2004-02-01 00:00:00,0.36,87.38,0.0,0.0,0.0,193.62,401.27,9.7,13.0,16.3
2004-02-15 12:00:00,0.35,87.38,0.0,0.0,0.0,193.62,401.37666666666667,10.3,13.4,16.450000000000003
2004-03-01 00:00:00,0.34,88.32,0.0,0.0,0.0,195.7,401.4833333333333,10.9,13.8,16.6
2004-03-16 12:00:00,0.32,88.32,0.0,0.0,0.0,195.7,401.59,11.850000000000001,14.950000000000001,18.0
2004-04-01 00:00:00,0.3,80.295,0.0,0.0,0.0,177.92,401.69666666666666,12.8,16.1,19.4
2004-04-16 00:00:00,0.295,80.295,0.0,0.0,0.0,177.92,401.80333333333334,13.65,17.15,20.65
2004-05-01 00:00:00,0.29,81.885,0.0,0.0,0.0,181.44,401.90999999999997,14.5,18.2,21.9
2004-05-16 12:00:00,0.32499999999999996,81.885,0.0,0.0,0.0,181.44,402.01666666666665,16.55,20.65,24.75
2004-06-01 00:00:00,0.36,89.245,0.0,0.0,0.0,197.75,402.12333333333333,18.6,23.1,27.6
2004-06-16 00:00:00,0.375,89.245,0.0,0.0,0.0,197.75,402.22999999999996,20.05,24.700000000000003,29.3
2004-07-01 00:00:00,0.39,110.88,0.0,0.0,0.0,245.69,402.33666666666664,21.5,26.3,31.0
2004-07-16 12:00:00,0.39,110.88,0.0,0.0,0.0,245.69,402.4433333333333,22.05,26.5,30.95
2004-08-01 00:00:00,0.39,112.265,0.0,0.0,0.0,248.76,402.54999999999995,22.6,26.7,30.9
2004-08-16 12:00:00,0.38,112.265,0.0,0.0,0.0,248.76,402.65666666666664,21.200000000000003,25.049999999999997,28.95
2004-09-01 00:00:00,0.37,96.005,0.0,0.0,0.0,212.73,402.7633333333333,19.8,23.4,27.0
2004-09-16 00:00:00,0.35,96.005,0.0,0.0,0.0,212.73,402.87,19.15,22.799999999999997,26.5
2004-10-01 00:00:00,0.33,91.82,0.0,0.0,0.0,203.45,402.97666666666663,18.5,22.2,26.0
2004-10-16 12:00:00,0.325,91.82,0.0,0.0,0.0,203.45,403.0833333333333,16.35,19.5,22.7
2004-11-01 00:00:00,0.32,84.04,0.0,0.0,0.0,186.22,403.19,14.2,16.8,19.4
2004-11-16 00:00:00,0.33999999999999997,84.04,0.0,0.0,0.0,186.22,403.2966666666666,13.5,15.9,18.299999999999997
2004-12-01 00:00:00,0.36,88.095,0.0,0.0,0.0,195.2,403.4033333333333,12.8,15.0,17.2
2004-12-16 12:00:00,0.375,88.095,0.0,0.0,0.0,195.2,403.51,10.45,13.05,15.6
2005-01-01 00:00:00,0.39,99.1,0.0,0.0,0.0,227.88,403.6166666666667,8.1,11.1,14.0
2005-01-16 12:00:00,0.395,99.1,0.0,0.0,0.0,227.88,403.7233333333333,8.05,10.85,13.6
2005-02-01 00:00:00,0.4,94.015,0.0,0.0,0.0,216.19,403.83,8.0,10.6,13.2
2005-02-15 00:00:00,0.39,94.015,0.0,0.0,0.0,216.19,403.89166666666665,8.9,12.0,15.049999999999999
2005-03-01 00:00:00,0.38,90.515,0.0,0.0,0.0,208.14,403.9533333333333,9.8,13.4,16.9
2005-03-16 12:00:00,0.35,90.515,0.0,0.0,0.0,208.14,404.015,10.850000000000001,14.45,18.049999999999997
2005-04-01 00:00:00,0.32,81.715,0.0,0.0,0.0,187.91,404.07666666666665,11.9,15.5,19.2
2005-04-16 00:00:00,0.315,81.715,0.0,0.0,0.0,187.91,404.1383333333333,13.65,17.8,22.0
2005-05-01 00:00:00,0.31,85.69,0.0,0.0,0.0,197.05,404.2,15.4,20.1,24.8
2005-05-16 12:00:00,0.345,85.69,0.0,0.0,0.0,197.05,404.26166666666666,17.45,21.9,26.4
2005-06-01 00:00:00,0.38,94.05,0.0,0.0,0.0,216.27,404.3233333333333,19.5,23.7,28.0
2005-06-16 00:00:00,0.39,94.05,0.0,0.0,0.0,216.27,404.385,20.85,25.2,29.6
2005-07-01 00:00:00,0.4,113.395,0.0,0.0,0.0,260.76,404.44666666666666,22.2,26.7,31.2
2005-07-16 12:00:00,0.405,113.395,0.0,0.0,0.0,260.76,404.5083333333333,22.049999999999997,26.049999999999997,30.0
2005-08-01 00:00:00,0.41,108.985,0.0,0.0,0.0,250.62,404.57,21.9,25.4,28.8
2005-08-16 12:00:00,0.395,108.985,0.0,0.0,0.0,250.62,404.63166666666666,21.549999999999997,24.85,28.1
2005-09-01 00:00:00,0.38,100.145,0.0,0.0,0.0,230.29,404.6933333333333,21.2,24.3,27.4
2005-09-16 00:00:00,0.35,100.145,0.0,0.0,0.0,230.29,404.755,19.85,22.8,25.7
2005-10-01 00:00:00,0.32,79.345,0.0,0.0,0.0,182.46,404.81666666666666,18.5,21.3,24.0
2005-10-16 12:00:00,0.315,79.345,0.0,0.0,0.0,182.46,404.87833333333333,16.85,19.6,22.35
2005-11-01 00:00:00,0.31,83.25,0.0,0.0,0.0,191.44,404.94,15.2,17.9,20.7
2005-11-16 00:00:00,0.32999999999999996,83.25,0.0,0.0,0.0,191.44,405.00166666666667,13.5,16.0,18.6
2005-12-01 00:00:00,0.35,90.04,0.0,0.0,0.0,207.05,405.06333333333333,11.8,14.1,16.5
2005-12-16 12:00:00,0.365,90.04,0.0,0.0,0.0,207.05,405.125,10.850000000000001,13.25,15.65
2006-01-01 00:00:00,0.38,101.335,0.0,0.0,0.0,242.13,405.18666666666667,9.9,12.4,14.8
2006-01-16 12:00:00,0.38,101.335,0.0,0.0,0.0,242.13,405.24833333333333,9.600000000000001,12.15,14.600000000000001
2006-02-01 00:00:00,0.38,87.5,0.0,0.0,0.0,209.08,405.31,9.3,11.9,14.4
2006-02-15 00:00:00,0.36,87.5,0.0,0.0,0.0,209.08,405.36875,9.7,12.600000000000001,15.399999999999999
2006-03-01 00:00:00,0.34,89.475,0.0,0.0,0.0,213.79,405.4275,10.1,13.3,16.4
2006-03-16 12:00:00,0.31000000000000005,89.475,0.0,0.0,0.0,213.79,405.48625,11.5,14.950000000000001,18.35
2006-04-01 00:00:00,0.28,78.695,0.0,0.0,0.0,188.04,405.545,12.9,16.6,20.3
2006-04-16 00:00:00,0.30500000000000005,78.695,0.0,0.0,0.0,188.04,405.60375,14.45,18.700000000000003,22.9
2006-05-01 00:00:00,0.33,87.94,0.0,0.0,0.0,210.13,405.6625,16.0,20.8,25.5
2006-05-16 12:00:00,0.365,87.94,0.0,0.0,0.0,210.13,405.72125,17.5,22.5,27.45
2006-06-01 00:00:00,0.4,94.985,0.0,0.0,0.0,226.96,405.78000000000003,19.0,24.2,29.4
2006-06-16 00:00:00,0.4,94.985,0.0,0.0,0.0,226.96,405.83875,20.75,25.6,30.45
2006-07-01 00:00:00,0.4,116.245,0.0,0.0,0.0,277.76,405.89750000000004,22.5,27.0,31.5
2006-07-16 12:00:00,0.4,116.245,0.0,0.0,0.0,277.76,405.95625,22.65,26.8,30.95
2006-08-01 00:00:00,0.4,112.505,0.0,0.0,0.0,268.82,406.015,22.8,26.6,30.4
2006-08-16 12:00:00,0.38,112.505,0.0,0.0,0.0,268.82,406.07375,21.75,25.35,28.95
2006-09-01 00:00:00,0.36,97.615,0.0,0.0,0.0,233.24,406.1325,20.7,24.1,27.5
2006-09-16 00:00:00,0.355,97.615,0.0,0.0,0.0,233.24,406.19125,19.75,22.950000000000003,26.1
2006-10-01 00:00:00,0.35,93.56,0.0,0.0,0.0,223.55,406.25,18.8,21.8,24.7
2006-10-16 12:00:00,0.32999999999999996,93.56,0.0,0.0,0.0,223.55,406.30875000000003,16.85,19.75,22.549999999999997
2006-11-01 00:00:00,0.31,83.86,0.0,0.0,0.0,200.38,406.3675,14.9,17.7,20.4
2006-11-16 00:00:00,0.315,83.86,0.0,0.0,0.0,200.38,406.42625000000004,14.2,16.85,19.5
2006-12-01 00:00:00,0.32,86.89,0.0,0.0,0.0,207.62,406.485,13.5,16.0,18.6
2006-12-16 12:00:00,0.33,86.89,0.0,0.0,0.0,207.62,406.54375000000005,12.5,15.25,18.0
2007-01-01 00:00:00,0.34,90.24,0.0,0.0,0.0,227.55,406.6025,11.5,14.5,17.4
2007-01-16 12:00:00,0.34,90.24,0.0,0.0,0.0,227.55,406.66125000000005,11.15,14.15,17.1
2007-02-01 00:00:00,0.34,81.57,0.0,0.0,0.0,205.69,406.72,10.8,13.8,16.8
2007-02-15 00:00:00,0.34,81.57,0.0,0.0,0.0,205.69,406.8308333333334,11.05,14.05,17.1
2007-03-01 00:00:00,0.34,88.81,0.0,0.0,0.0,223.94,406.9416666666667,11.3,14.3,17.4
2007-03-16 12:00:00,0.325,88.81,0.0,0.0,0.0,223.94,407.0525,12.350000000000001,15.5,18.75
2007-04-01 00:00:00,0.31,82.225,0.0,0.0,0.0,207.34,407.16333333333336,13.4,16.7,20.1
2007-04-16 00:00:00,0.315,82.225,0.0,0.0,0.0,207.34,407.2741666666667,14.8,18.6,22.450000000000003
2007-05-01 00:00:00,0.32,88.53,0.0,0.0,0.0,223.24,407.385,16.2,20.5,24.8
2007-05-16 12:00:00,0.37,88.53,0.0,0.0,0.0,223.24,407.49583333333334,18.25,22.65,27.1
2007-06-01 00:00:00,0.42,100.2,0.0,0.0,0.0,252.66,407.6066666666667,20.3,24.8,29.4
2007-06-16 00:00:00,0.425,100.2,0.0,0.0,0.0,252.66,407.71750000000003,20.9,25.700000000000003,30.549999999999997
2007-07-01 00:00:00,0.43,116.13,0.0,0.0,0.0,292.83,407.8283333333334,21.5,26.6,31.7
2007-07-16 12:00:00,0.43,116.13,0.0,0.0,0.0,292.83,407.93916666666667,22.15,26.950000000000003,31.799999999999997
2007-08-01 00:00:00,0.43,118.67,0.0,0.0,0.0,299.24,408.05,22.8,27.3,31.9
2007-08-16 12:00:00,0.405,118.67,0.0,0.0,0.0,299.24,408.16083333333336,22.0,26.15,30.35
2007-09-01 00:00:00,0.38,102.36,0.0,0.0,0.0,258.11,408.27166666666665,21.2,25.0,28.8
2007-09-16 00:00:00,0.36,102.36,0.0,0.0,0.0,258.11,408.3825,19.9,23.2,26.5
2007-10-01 00:00:00,0.34,96.45,0.0,0.0,0.0,243.21,408.49333333333334,18.6,21.4,24.2
2007-10-16 12:00:00,0.34,96.45,0.0,0.0,0.0,243.21,408.6041666666667,16.85,19.5,22.15
2007-11-01 00:00:00,0.34,87.815,0.0,0.0,0.0,221.43,408.71500000000003,15.1,17.6,20.1
2007-11-16 00:00:00,0.355,87.815,0.0,0.0,0.0,221.43,408.8258333333333,13.649999999999999,15.950000000000001,18.3
2007-12-01 00:00:00,0.37,95.145,0.0,0.0,0.0,239.92,408.93666666666667,12.2,14.3,16.5
2007-12-16 12:00:00,0.365,95.145,0.0,0.0,0.0,239.92,409.0475,12.149999999999999,14.4,16.7
2008-01-01 00:00:00,0.36,95.75,0.0,0.0,85.2,261.1,409.1583333333333,12.1,14.5,16.9
2008-01-16 12:00:00,0.365,95.75,0.0,0.0,85.2,261.1,409.26916666666665,11.3,13.9,16.5
2008-02-01 00:00:00,0.37,91.8,0.0,0.0,81.68,250.33,409.38,10.5,13.3,16.1
2008-02-15 12:00:00,0.355,91.8,0.0,0.0,81.68,250.33,409.50916666666666,11.3,14.100000000000001,16.9
2008-03-01 00:00:00,0.34,89.48,0.0,0.0,79.62,244.0,409.6383333333333,12.1,14.9,17.7
2008-03-16 12:00:00,0.33,89.48,0.0,0.0,79.62,244.0,409.7675,13.0,16.15,19.299999999999997
2008-04-01 00:00:00,0.32,86.305,0.0,0.0,76.79,235.34,409.89666666666665,13.9,17.4,20.9
2008-04-16 00:00:00,0.32,86.305,0.0,0.0,76.79,235.34,410.0258333333333,15.350000000000001,18.799999999999997,22.299999999999997
2008-05-01 00:00:00,0.32,89.75,0.0,0.0,79.86,244.74,410.155,16.8,20.2,23.7
2008-05-16 12:00:00,0.355,89.75,0.0,0.0,79.86,244.74,410.2841666666667,18.3,22.049999999999997,25.799999999999997
2008-06-01 00:00:00,0.39,81.32,0.0,0.0,72.36,221.75,410.41333333333336,19.8,23.9,27.9
2008-06-16 00:00:00,0.4,81.32,0.0,0.0,72.36,221.75,410.5425,21.25,25.299999999999997,29.299999999999997
2008-07-01 00:00:00,0.41,121.495,0.0,0.0,108.1,331.3,410.6716666666667,22.7,26.7,30.7
2008-07-16 12:00:00,0.41,121.495,0.0,0.0,108.1,331.3,410.80083333333334,22.7,26.799999999999997,30.9
2008-08-01 00:00:00,0.41,118.08,0.0,0.0,105.06,321.99,410.93,22.7,26.9,31.1
2008-08-16 12:00:00,0.415,118.08,0.0,0.0,105.06,321.99,411.05916666666667,21.85,25.75,29.65
2008-09-01 00:00:00,0.42,106.705,0.0,0.0,94.94,290.97,411.18833333333333,21.0,24.6,28.2
2008-09-16 00:00:00,0.375,106.705,0.0,0.0,94.94,290.97,411.3175,19.5,22.85,26.2
2008-10-01 00:00:00,0.33,91.83,0.0,0.0,81.71,250.41,411.44666666666666,18.0,21.1,24.2
2008-10-16 12:00:00,0.325,91.83,0.0,0.0,81.71,250.41,411.5758333333333,16.6,19.5,22.4
2008-11-01 00:00:00,0.32,82.01,0.0,0.0,72.97,223.63,411.70500000000004,15.2,17.9,20.6
2008-11-16 00:00:00,0.315,82.01,0.0,0.0,72.97,223.63,411.8341666666667,13.75,16.25,18.700000000000003
2008-12-01 00:00:00,0.31,83.415,0.0,0.0,74.22,227.46,411.96333333333337,12.3,14.6,16.8
2008-12-16 12:00:00,0.32,83.415,0.0,0.0,74.22,227.46,412.09250000000003,11.55,13.899999999999999,16.15
2009-01-01 00:00:00,0.33,87.835,0.0,0.0,77.11,253.64,412.2216666666667,10.8,13.2,15.5
2009-01-16 12:00:00,0.33999999999999997,87.835,0.0,0.0,77.11,253.64,412.35083333333336,9.65,12.25,14.8
2009-02-01 00:00:00,0.35,81.76,0.0,0.0,71.78,236.1,412.48,8.5,11.3,14.1
2009-02-15 00:00:00,0.33999999999999997,81.76,0.0,0.0,71.78,236.1,412.56458333333336,9.45,12.350000000000001,15.2
2009-03-01 00:00:00,0.33,84.795,0.0,0.0,74.44,244.87,412.6491666666667,10.4,13.4,16.3
2009-03-16 12:00:00,0.30500000000000005,84.795,0.0,0.0,74.44,244.87,412.73375,11.3,14.350000000000001,17.4
2009-04-01 00:00:00,0.28,78.315,0.0,0.0,68.75,226.15,412.8183333333333,12.2,15.3,18.5
2009-04-16 00:00:00,0.30000000000000004,78.315,0.0,0.0,68.75,226.15,412.90291666666667,13.95,17.950000000000003,22.0
2009-05-01 00:00:00,0.32,84.175,0.0,0.0,73.9,243.08,412.9875,15.7,20.6,25.5
2009-05-16 12:00:00,0.33499999999999996,84.175,0.0,0.0,73.9,243.08,413.07208333333335,17.299999999999997,22.15,27.0
2009-06-01 00:00:00,0.35,91.665,0.0,0.0,80.47,264.7,413.1566666666667,18.9,23.7,28.5
2009-06-16 00:00:00,0.37,91.665,0.0,0.0,80.47,264.7,413.24125000000004,20.25,25.35,30.45
2009-07-01 00:00:00,0.39,111.02,0.0,0.0,97.47,320.6,413.3258333333333,21.6,27.0,32.4
2009-07-16 12:00:00,0.395,111.02,0.0,0.0,97.47,320.6,413.41041666666666,22.3,27.15,32.0
2009-08-01 00:00:00,0.4,115.815,0.0,0.0,101.68,334.44,413.495,23.0,27.3,31.6
2009-08-16 12:00:00,0.395,115.815,0.0,0.0,101.68,334.44,413.57958333333335,22.0,25.950000000000003,29.85
2009-09-01 00:00:00,0.39,99.085,0.0,0.0,86.99,286.13,413.6641666666667,21.0,24.6,28.1
2009-09-16 00:00:00,0.36,99.085,0.0,0.0,86.99,286.13,413.74875,19.0,22.4,25.75
2009-10-01 00:00:00,0.33,87.94,0.0,0.0,77.2,253.95,413.8333333333333,17.0,20.2,23.4
2009-10-16 12:00:00,0.315,87.94,0.0,0.0,77.2,253.95,413.91791666666666,15.35,18.549999999999997,21.75
2009-11-01 00:00:00,0.3,79.04,0.0,0.0,69.39,228.25,414.0025,13.7,16.9,20.1
2009-11-16 00:00:00,0.31,79.04,0.0,0.0,69.39,228.25,414.08708333333334,13.45,16.25,19.05
2009-12-01 00:00:00,0.32,82.38,0.0,0.0,72.32,237.89,414.1716666666667,13.2,15.6,18.0
2009-12-16 12:00:00,0.32,82.38,0.0,0.0,72.32,237.89,414.25625,12.149999999999999,14.5,16.9
2010-01-01 00:00:00,0.32,85.0,0.0,0.0,75.82,274.16,414.3408333333333,11.1,13.4,15.8
2010-01-16 12:00:00,0.32,85.0,0.0,0.0,75.82,274.16,414.42541666666665,11.0,13.600000000000001,16.25
2010-02-01 00:00:00,0.32,76.99,0.0,0.0,68.68,248.33,414.51,10.9,13.8,16.7
2010-02-15 00:00:00,0.31,76.99,0.0,0.0,68.68,248.33,414.5833333333333,11.05,13.95,16.85
2010-03-01 00:00:00,0.3,81.285,0.0,0.0,72.51,262.18,414.65666666666664,11.2,14.1,17.0
2010-03-16 12:00:00,0.28500000000000003,81.285,0.0,0.0,72.51,262.18,414.73,12.35,15.55,18.7
2010-04-01 00:00:00,0.27,76.44,0.0,0.0,68.19,246.55,414.80333333333334,13.5,17.0,20.4
2010-04-16 00:00:00,0.275,76.44,0.0,0.0,68.19,246.55,414.87666666666667,14.75,18.2,21.549999999999997
2010-05-01 00:00:00,0.28,80.855,0.0,0.0,72.13,260.79,414.95,16.0,19.4,22.7
2010-05-16 12:00:00,0.31000000000000005,80.855,0.0,0.0,72.13,260.79,415.0233333333333,17.4,21.15,24.85
2010-06-01 00:00:00,0.34,87.265,0.0,0.0,77.84,281.47,415.09666666666664,18.8,22.9,27.0
2010-06-16 00:00:00,0.37,87.265,0.0,0.0,77.84,281.47,415.16999999999996,20.5,24.799999999999997,29.1
2010-07-01 00:00:00,0.4,110.345,0.0,0.0,98.43,355.91,415.24333333333334,22.2,26.7,31.2
2010-07-16 12:00:00,0.4,110.345,0.0,0.0,98.43,355.91,415.31666666666666,22.5,26.95,31.4
2010-08-01 00:00:00,0.4,111.145,0.0,0.0,99.15,358.49,415.39,22.8,27.2,31.6
2010-08-16 12:00:00,0.38,111.145,0.0,0.0,99.15,358.49,415.4633333333333,21.9,25.6,29.3
2010-09-01 00:00:00,0.36,95.03,0.0,0.0,84.77,306.51,415.53666666666663,21.0,24.0,27.0
2010-09-16 00:00:00,0.345,95.03,0.0,0.0,84.77,306.51,415.61,19.45,22.3,25.1
2010-10-01 00:00:00,0.33,88.615,0.0,0.0,79.05,285.82,415.68333333333334,17.9,20.6,23.2
2010-10-16 12:00:00,0.315,88.615,0.0,0.0,79.05,285.82,415.75666666666666,16.75,19.4,22.049999999999997
2010-11-01 00:00:00,0.3,80.525,0.0,0.0,71.83,259.73,415.83,15.6,18.2,20.9
2010-11-16 00:00:00,0.31,80.525,0.0,0.0,71.83,259.73,415.9033333333333,13.649999999999999,16.35,19.1
2010-12-01 00:00:00,0.32,83.07,0.0,0.0,74.1,267.94,415.97666666666663,11.7,14.5,17.3
2010-12-16 12:00:00,0.325,83.07,0.0,0.0,74.1,267.94,416.04999999999995,10.7,13.7,16.65
2011-01-01 00:00:00,0.33,85.71,0.0,0.0,76.6,273.69,416.12333333333333,9.7,12.9,16.0
2011-01-16 12:00:00,0.33,85.71,0.0,0.0,76.6,273.69,416.19666666666666,9.0,12.350000000000001,15.7
2011-02-01 00:00:00,0.33,79.255,0.0,0.0,70.83,253.07,416.27,8.3,11.8,15.4
2011-02-15 00:00:00,0.325,79.255,0.0,0.0,70.83,253.07,416.4266666666666,8.95,12.4,15.95
2011-03-01 00:00:00,0.32,85.06,0.0,0.0,76.02,271.61,416.5833333333333,9.6,13.0,16.5
2011-03-16 12:00:00,0.30000000000000004,85.06,0.0,0.0,76.02,271.61,416.74,11.149999999999999,14.7,18.25
2011-04-01 00:00:00,0.28,78.775,0.0,0.0,70.4,251.54,416.89666666666665,12.7,16.4,20.0
2011-04-16 00:00:00,0.28500000000000003,78.775,0.0,0.0,70.4,251.54,417.0533333333333,13.85,17.65,21.45
2011-05-01 00:00:00,0.29,83.88,0.0,0.0,74.96,267.84,417.21,15.0,18.9,22.9
2011-05-16 12:00:00,0.31999999999999995,83.88,0.0,0.0,74.96,267.84,417.3666666666667,16.95,21.15,25.35
2011-06-01 00:00:00,0.35,90.54,0.0,0.0,80.91,289.11,417.5233333333333,18.9,23.4,27.8
2011-06-16 00:00:00,0.38,90.54,0.0,0.0,80.91,289.11,417.67999999999995,20.4,25.049999999999997,29.65
2011-07-01 00:00:00,0.41,111.315,0.0,0.0,99.48,355.45,417.83666666666664,21.9,26.7,31.5
2011-07-16 12:00:00,0.4,111.315,0.0,0.0,99.48,355.45,417.99333333333334,21.9,26.75,31.6
2011-08-01 00:00:00,0.39,112.3,0.0,0.0,100.36,358.59,418.15,21.9,26.8,31.7
2011-08-16 12:00:00,0.395,112.3,0.0,0.0,100.36,358.59,418.3066666666666,21.5,26.0,30.5
2011-09-01 00:00:00,0.4,100.905,0.0,0.0,90.18,322.21,418.4633333333333,21.1,25.2,29.3
2011-09-16 00:00:00,0.355,100.905,0.0,0.0,90.18,322.21,418.62,19.05,22.65,26.25
2011-10-01 00:00:00,0.31,89.21,0.0,0.0,79.72,284.86,418.77666666666664,17.0,20.1,23.2
2011-10-16 12:00:00,0.31,89.21,0.0,0.0,79.72,284.86,418.9333333333333,16.0,18.75,21.549999999999997
2011-11-01 00:00:00,0.31,82.53,0.0,0.0,73.76,263.53,419.09,15.0,17.4,19.9
2011-11-16 00:00:00,0.32,82.53,0.0,0.0,73.76,263.53,419.24666666666667,13.3,15.75,18.25
2011-12-01 00:00:00,0.33,84.805,0.0,0.0,75.79,270.8,419.4033333333333,11.6,14.1,16.6
2011-12-16 12:00:00,0.335,84.805,0.0,0.0,75.79,270.8,419.55999999999995,10.3,12.85,15.4
2012-01-01 00:00:00,0.34,90.67,0.0,0.0,82.21,294.34,419.71666666666664,9.0,11.6,14.2
2012-01-16 12:00:00,0.355,90.67,0.0,0.0,82.21,294.34,419.87333333333333,8.25,10.899999999999999,13.6
2012-02-01 00:00:00,0.37,88.245,0.0,0.0,80.01,286.47,420.03,7.5,10.2,13.0
2012-02-15 12:00:00,0.35,88.245,0.0,0.0,80.01,286.47,420.2775,8.6,11.649999999999999,14.75
2012-03-01 00:00:00,0.33,85.305,0.0,0.0,77.35,276.92,420.525,9.7,13.1,16.5
2012-03-16 12:00:00,0.31,85.305,0.0,0.0,77.35,276.92,420.7725,11.149999999999999,14.649999999999999,18.15
2012-04-01 00:00:00,0.29,79.165,0.0,0.0,71.78,256.99,421.02,12.6,16.2,19.8
2012-04-16 00:00:00,0.29,79.165,0.0,0.0,71.78,256.99,421.2675,14.2,18.25,22.3
2012-05-01 00:00:00,0.29,85.435,0.0,0.0,77.47,277.34,421.515,15.8,20.3,24.8
2012-05-16 12:00:00,0.33499999999999996,85.435,0.0,0.0,77.47,277.34,421.7625,18.1,22.950000000000003,27.8
2012-06-01 00:00:00,0.38,97.725,0.0,0.0,88.61,317.24,422.01,20.4,25.6,30.8
2012-06-16 00:00:00,0.405,97.725,0.0,0.0,88.61,317.24,422.2575,21.9,27.05,32.2
2012-07-01 00:00:00,0.43,119.445,0.0,0.0,108.3,387.75,422.505,23.4,28.5,33.6
2012-07-16 12:00:00,0.43,119.445,0.0,0.0,108.3,387.75,422.7525,23.7,28.55,33.35
2012-08-01 00:00:00,0.43,122.5,0.0,0.0,111.07,397.67,423.0,24.0,28.6,33.1
2012-08-16 12:00:00,0.39,122.5,0.0,0.0,111.07,397.67,423.2475,22.65,26.85,31.0
2012-09-01 00:00:00,0.35,99.58,0.0,0.0,90.29,323.26,423.495,21.3,25.1,28.9
2012-09-16 00:00:00,0.355,99.58,0.0,0.0,90.29,323.26,423.7425,20.55,24.05,27.549999999999997
2012-10-01 00:00:00,0.36,96.84,0.0,0.0,87.81,314.37,423.99,19.8,23.0,26.2
2012-10-16 12:00:00,0.33499999999999996,96.84,0.0,0.0,87.81,314.37,424.2375,18.15,21.2,24.25
2012-11-01 00:00:00,0.31,83.885,0.0,0.0,76.06,272.31,424.485,16.5,19.4,22.3
2012-11-16 00:00:00,0.32,83.885,0.0,0.0,76.06,272.31,424.7325,13.95,16.799999999999997,19.6
2012-12-01 00:00:00,0.33,85.515,0.0,0.0,77.54,277.6,424.98,11.4,14.2,16.9
2012-12-16 12:00:00,0.335,85.515,0.0,0.0,77.54,277.6,425.2275,11.0,13.75,16.45
2013-01-01 00:00:00,0.34,89.03,0.0,0.0,68.1,319.16,425.475,10.6,13.3,16.0
2013-01-16 12:00:00,0.345,89.03,0.0,0.0,68.1,319.16,425.7225,10.0,12.8,15.6
2013-02-01 00:00:00,0.35,81.355,0.0,0.0,62.22,291.64,425.97,9.4,12.3,15.2
2013-02-15 00:00:00,0.33499999999999996,81.355,0.0,0.0,62.22,291.64,426.3279166666667,10.600000000000001,13.7,16.799999999999997
2013-03-01 00:00:00,0.32,83.7,0.0,0.0,64.02,300.05,426.68583333333333,11.8,15.1,18.4
2013-03-16 12:00:00,0.305,83.7,0.0,0.0,64.02,300.05,427.04375000000005,12.75,16.4,20.0
2013-04-01 00:00:00,0.29,79.75,0.0,0.0,61.0,285.89,427.4016666666667,13.7,17.7,21.6
2013-04-16 00:00:00,0.29,79.75,0.0,0.0,61.0,285.89,427.75958333333335,15.1,19.1,23.05
2013-05-01 00:00:00,0.29,85.24,0.0,0.0,65.2,305.57,428.1175,16.5,20.5,24.5
2013-05-16 12:00:00,0.31999999999999995,85.24,0.0,0.0,65.2,305.57,428.47541666666666,17.7,21.95,26.2
2013-06-01 00:00:00,0.35,90.59,0.0,0.0,69.29,324.75,428.83333333333337,18.9,23.4,27.9
2013-06-16 00:00:00,0.38,90.59,0.0,0.0,69.29,324.75,429.19125,20.35,25.0,29.7
2013-07-01 00:00:00,0.41,111.54,0.0,0.0,85.31,399.85,429.5491666666667,21.8,26.6,31.5
2013-07-16 12:00:00,0.405,111.54,0.0,0.0,85.31,399.85,429.90708333333333,22.55,27.05,31.6
2013-08-01 00:00:00,0.4,117.255,0.0,0.0,89.68,420.34,430.265,23.3,27.5,31.7
2013-08-16 12:00:00,0.39,117.255,0.0,0.0,89.68,420.34,430.6229166666667,22.450000000000003,26.35,30.25
2013-09-01 00:00:00,0.38,102.08,0.0,0.0,78.08,365.94,430.98083333333335,21.6,25.2,28.8
2013-09-16 00:00:00,0.365,102.08,0.0,0.0,78.08,365.94,431.33875,20.700000000000003,24.35,28.0
2013-10-01 00:00:00,0.35,96.87,0.0,0.0,74.09,347.26,431.69666666666666,19.8,23.5,27.2
2013-10-16 12:00:00,0.33499999999999996,96.87,0.0,0.0,74.09,347.26,432.05458333333337,17.2,20.5,23.75
2013-11-01 00:00:00,0.32,83.72,0.0,0.0,64.03,300.12,432.4125,14.6,17.5,20.3
2013-11-16 00:00:00,0.325,83.72,0.0,0.0,64.03,300.12,432.7704166666667,12.899999999999999,15.8,18.700000000000003
2013-12-01 00:00:00,0.33,86.92,0.0,0.0,66.48,311.59,433.12833333333333,11.2,14.1,17.1
2013-12-16 12:00:00,0.335,86.92,0.0,0.0,66.48,311.59,433.48625,11.399999999999999,14.149999999999999,16.950000000000003
2014-01-01 00:00:00,0.34,88.58,0.0,0.0,67.63,357.19,433.8441666666667,11.6,14.2,16.8
2014-01-16 12:00:00,0.335,88.58,0.0,0.0,67.63,357.19,434.20208333333335,11.45,14.149999999999999,16.85
2014-02-01 00:00:00,0.33,78.435,0.0,0.0,59.89,316.28,434.56,11.3,14.1,16.9
2014-02-15 00:00:00,0.335,78.435,0.0,0.0,59.89,316.28,434.9970833333333,10.9,13.899999999999999,16.9
2014-03-01 00:00:00,0.34,84.38,0.0,0.0,64.43,340.25,435.43416666666667,10.5,13.7,16.9
2014-03-16 12:00:00,0.315,84.38,0.0,0.0,64.43,340.25,435.87125000000003,12.05,15.35,18.7
2014-04-01 00:00:00,0.29,79.095,0.0,0.0,60.39,318.94,436.30833333333334,13.6,17.0,20.5
2014-04-16 00:00:00,0.29,79.095,0.0,0.0,60.39,318.94,436.74541666666664,14.55,18.3,22.1
2014-05-01 00:00:00,0.29,82.85,0.0,0.0,63.26,334.08,437.1825,15.5,19.6,23.7
2014-05-16 12:00:00,0.315,82.85,0.0,0.0,63.26,334.08,437.61958333333337,17.5,21.950000000000003,26.35
2014-06-01 00:00:00,0.34,92.73,0.0,0.0,70.8,373.92,438.0566666666667,19.5,24.3,29.0
2014-06-16 00:00:00,0.35,92.73,0.0,0.0,70.8,373.92,438.49375,20.55,25.25,29.85
2014-07-01 00:00:00,0.36,106.465,0.0,0.0,81.29,429.3,438.93083333333334,21.6,26.2,30.7
2014-07-16 12:00:00,0.365,106.465,0.0,0.0,81.29,429.3,439.3679166666667,22.1,26.7,31.2
2014-08-01 00:00:00,0.37,109.465,0.0,0.0,83.58,441.4,439.805,22.6,27.2,31.7
2014-08-16 12:00:00,0.375,109.465,0.0,0.0,83.58,441.4,440.2420833333333,22.5,26.75,30.95
2014-09-01 00:00:00,0.38,104.16,0.0,0.0,79.53,420.01,440.6791666666667,22.4,26.3,30.2
2014-09-16 00:00:00,0.365,104.16,0.0,0.0,79.53,420.01,441.11625000000004,20.549999999999997,24.25,28.0
2014-10-01 00:00:00,0.35,92.895,0.0,0.0,70.93,374.59,441.55333333333334,18.7,22.2,25.8
2014-10-16 12:00:00,0.32999999999999996,92.895,0.0,0.0,70.93,374.59,441.99041666666665,17.3,20.549999999999997,23.85
2014-11-01 00:00:00,0.31,81.855,0.0,0.0,62.5,330.07,442.4275,15.9,18.9,21.9
2014-11-16 00:00:00,0.32999999999999996,81.855,0.0,0.0,62.5,330.07,442.86458333333337,14.15,16.9,19.7
2014-12-01 00:00:00,0.35,84.2,0.0,0.0,64.29,339.52,443.3016666666667,12.4,14.9,17.5
2014-12-16 12:00:00,0.36,84.2,0.0,0.0,64.29,339.52,443.73875,12.605555555555556,13.850000000000001,18.614285714285714
2015-01-01 00:00:00,0.37,93.05,0.0,0.0,36.57,412.1,444.17583333333334,12.811111111111112,12.8,19.728571428571428
2015-01-16 12:00:00,0.365,93.05,0.0,0.0,36.57,412.1,444.6129166666667,13.016666666666667,12.350000000000001,20.84285714285714
2015-02-01 00:00:00,0.36,85.14,0.0,0.0,33.46,377.07,445.05,13.222222222222223,11.9,21.957142857142856
2015-02-15 00:00:00,0.355,85.14,0.0,0.0,33.46,377.07,445.4795833333333,13.427777777777779,12.600000000000001,23.07142857142857
2015-03-01 00:00:00,0.35,87.66,3.37,0.0,34.45,388.23,445.9091666666667,13.633333333333333,13.3,24.185714285714287
2015-03-16 12:00:00,0.32499999999999996,87.66,3.37,0.0,34.45,388.23,446.33875,13.838888888888889,14.45,25.3
2015-04-01 00:00:00,0.3,78.8,29.275,0.0,30.97,348.99,446.7683333333333,14.044444444444444,15.6,26.414285714285715
2015-04-16 00:00:00,0.3,78.8,29.275,0.0,30.97,348.99,447.1979166666667,14.25,17.9,27.52857142857143
2015-05-01 00:00:00,0.3,84.16,42.84,0.0,33.07,372.73,447.6275,14.455555555555556,20.2,28.642857142857142
2015-05-16 12:00:00,0.31,84.16,42.84,0.0,33.07,372.73,448.05708333333337,14.661111111111111,21.7,29.75714285714286
2015-06-01 00:00:00,0.32,90.775,55.555,0.0,35.67,402.02,448.4866666666667,14.866666666666667,23.2,30.871428571428574
2015-06-16 00:00:00,0.36,90.775,55.555,0.0,35.67,402.02,448.91625,15.072222222222223,25.35,31.985714285714288
2015-07-01 00:00:00,0.4,118.42,70.125,0.0,46.53,524.46,449.34583333333336,15.277777777777779,27.5,33.1
2015-07-16 12:00:00,0.41500000000000004,118.42,70.125,0.0,46.53,524.46,449.7754166666667,15.483333333333334,27.4,31.866666666666667
2015-08-01 00:00:00,0.43,118.765,72.785,0.0,46.67,525.98,450.20500000000004,15.68888888888889,27.3,30.633333333333333
2015-08-16 12:00:00,0.405,118.765,72.785,0.0,46.67,525.98,450.63458333333335,15.894444444444446,26.3,29.4
2015-09-01 00:00:00,0.38,105.115,69.6,0.0,41.31,465.53,451.06416666666667,16.1,25.3,28.166666666666668
2015-09-16 00:00:00,0.365,105.115,69.6,0.0,41.31,465.53,451.49375000000003,16.305555555555557,23.65,26.933333333333334
2015-10-01 00:00:00,0.35,95.185,61.4,0.0,37.4,421.55,451.92333333333335,16.511111111111113,22.0,25.7
2015-10-16 12:00:00,0.33499999999999996,95.185,61.4,0.0,37.4,421.55,452.35291666666666,16.71666666666667,19.85,24.825
2015-11-01 00:00:00,0.32,83.975,65.09,0.0,33.0,371.91,452.7825,16.922222222222224,17.7,23.95
2015-11-16 00:00:00,0.33,83.975,65.09,0.0,33.0,371.91,453.21208333333334,17.12777777777778,15.85,23.075
2015-12-01 00:00:00,0.34,87.56,56.96,0.0,34.41,387.78,453.64166666666665,17.333333333333336,14.0,22.2
2015-12-16 12:00:00,0.35,87.56,56.96,0.0,34.41,387.78,454.07125,17.53888888888889,13.65,21.325
2016-01-01 00:00:00,0.36,90.29,59.01,0.0,23.22,423.47,454.50083333333333,17.744444444444447,13.3,20.45
2016-01-16 12:00:00,0.35,90.29,59.01,0.0,23.22,423.47,454.9304166666667,17.950000000000003,14.05,19.575
2016-02-01 00:00:00,0.34,82.035,58.225,0.0,21.1,384.75,455.36,18.15555555555556,14.8,18.7
2016-02-15 12:00:00,0.34,82.035,58.225,0.0,21.1,384.75,455.88666666666666,18.36111111111111,14.65,19.616666666666667
2016-03-01 00:00:00,0.34,84.865,61.88,0.0,21.82,398.02,456.41333333333336,18.566666666666666,14.5,20.53333333333333
2016-03-16 12:00:00,0.32,84.865,61.88,0.0,21.82,398.02,456.94,18.772222222222222,16.15,21.45
2016-04-01 00:00:00,0.3,80.03,58.71,0.0,20.58,375.35,457.4666666666667,18.977777777777778,17.8,22.366666666666667
2016-04-16 00:00:00,0.3,80.03,58.71,0.0,20.58,375.35,457.99333333333334,19.183333333333334,18.700000000000003,23.28333333333333
2016-05-01 00:00:00,0.3,84.82,64.74,0.0,21.81,397.81,458.52,19.38888888888889,19.6,24.2
2016-05-16 12:00:00,0.32,84.82,64.74,0.0,21.81,397.81,459.0466666666667,19.594444444444445,21.65,26.35
2016-06-01 00:00:00,0.34,94.315,67.31,0.0,24.26,442.35,459.5733333333333,19.8,23.7,28.5
2016-06-16 00:00:00,0.36,94.315,67.31,0.0,24.26,442.35,460.1,19.1,25.0,30.0
2016-07-01 00:00:00,0.38,113.02,72.22,0.0,29.07,530.07,460.62666666666667,18.400000000000002,26.3,31.5
2016-07-16 12:00:00,0.375,113.02,72.22,0.0,29.07,530.07,461.15333333333336,17.7,26.15,31.1
2016-08-01 00:00:00,0.37,112.2,69.095,0.0,28.85,526.23,461.68,17.0,26.0,30.7
2016-08-16 12:00:00,0.37,112.2,69.095,0.0,28.85,526.23,462.20666666666665,16.3,25.15,29.625
2016-09-01 00:00:00,0.37,102.565,65.215,0.0,26.38,481.04,462.73333333333335,15.600000000000001,24.3,28.549999999999997
2016-09-16 00:00:00,0.365,102.565,65.215,0.0,26.38,481.04,463.26,14.9,23.6,27.474999999999998
2016-10-01 00:00:00,0.36,100.295,64.98,0.0,25.79,470.39,463.7866666666667,14.2,22.9,26.4
2016-10-16 12:00:00,0.345,100.295,64.98,0.0,25.79,470.39,464.31333333333333,13.5,20.65,25.1875
2016-11-01 00:00:00,0.33,87.905,60.58,0.0,22.61,412.28,464.84000000000003,12.8,18.4,23.974999999999998
2016-11-16 00:00:00,0.335,87.905,60.58,0.0,22.61,412.28,465.3666666666667,12.1,16.299999999999997,22.7625
2016-12-01 00:00:00,0.34,91.425,61.38,0.0,23.51,428.79,465.8933333333333,11.4,14.2,21.549999999999997
2016-12-16 12:00:00,0.375,91.425,61.38,0.0,23.51,428.79,466.42,12.214285714285715,12.75,20.3375
2017-01-01 00:00:00,0.41,104.345,66.46,0.0,31.78,524.22,466.94666666666666,13.028571428571428,11.3,19.125
2017-01-16 12:00:00,0.395,104.345,66.46,0.0,31.78,524.22,467.47333333333336,13.842857142857143,12.350000000000001,17.9125
2017-02-01 00:00:00,0.38,84.205,55.45,0.0,25.65,423.04,468.0,14.657142857142858,13.4,16.7
2017-02-15 00:00:00,0.36,84.205,55.45,0.0,25.65,423.04,468.6929166666667,15.471428571428572,13.9,17.6
2017-03-01 00:00:00,0.34,84.685,52.77,0.0,25.8,425.45,469.3858333333333,16.285714285714285,14.4,18.5
2017-03-16 12:00:00,0.325,84.685,52.77,0.0,25.8,425.45,470.07875,17.1,15.25,19.4
2017-04-01 00:00:00,0.31,80.105,34.145,0.0,24.4,402.44,470.77166666666665,17.914285714285715,16.1,20.3
2017-04-16 00:00:00,0.31,80.105,34.145,0.0,24.4,402.44,471.46458333333334,18.728571428571428,18.25,22.8
2017-05-01 00:00:00,0.31,85.025,43.945,0.0,25.9,427.16,472.1575,19.542857142857144,20.4,25.3
2017-05-16 12:00:00,0.375,85.025,43.945,0.0,25.9,427.16,472.85041666666666,20.357142857142858,22.65,27.6
2017-06-01 00:00:00,0.44,97.18,29.055,0.0,29.6,488.22,473.54333333333335,21.17142857142857,24.9,29.9
2017-06-16 00:00:00,0.45,97.18,29.055,0.0,29.6,488.22,474.23625,21.985714285714288,26.1,31.15
2017-07-01 00:00:00,0.46,121.755,41.265,0.0,37.09,611.69,474.9291666666667,22.8,27.3,32.4
2017-07-16 12:00:00,0.475,121.755,41.265,0.0,37.09,611.69,475.6220833333333,23.3,27.8,33.0
2017-08-01 00:00:00,0.49,130.24,34.67,0.0,39.67,654.32,476.315,23.8,28.3,33.6
2017-08-16 12:00:00,0.45499999999999996,130.24,34.67,0.0,39.67,654.32,477.0079166666667,23.16875,26.25,30.950000000000003
2017-09-01 00:00:00,0.42,112.345,5.415,0.0,34.22,564.41,477.7008333333333,22.5375,24.2,28.3
2017-09-16 00:00:00,0.38,112.345,5.415,0.0,34.22,564.41,478.39375,21.90625,22.299999999999997,26.05
2017-10-01 00:00:00,0.34,102.795,15.48,0.0,31.31,516.43,479.08666666666664,21.275,20.4,23.8
2017-10-16 12:00:00,0.34,102.795,15.48,0.0,31.31,516.43,479.77958333333333,20.64375,18.7,22.0
2017-11-01 00:00:00,0.34,89.31,43.37,0.0,27.2,448.69,480.47249999999997,20.0125,17.0,20.2
2017-11-16 00:00:00,0.37,89.31,43.37,0.0,27.2,448.69,481.16541666666666,19.38125,15.15,18.299999999999997
2017-12-01 00:00:00,0.4,96.405,26.505,0.0,29.37,484.33,481.85833333333335,18.75,13.3,16.4
2017-12-16 12:00:00,0.385,96.405,26.505,0.0,29.37,484.33,482.55125,18.11875,13.600000000000001,16.65
2018-01-01 00:00:00,0.37,100.58,44.36,5.15,27.72,514.37,483.2441666666667,17.4875,13.9,16.9
2018-01-16 12:00:00,0.39,100.58,44.36,5.15,27.72,514.37,483.9370833333333,16.85625,13.25,16.299999999999997
2018-02-01 00:00:00,0.41,95.07,18.315,5.06,26.2,486.19,484.63,16.225,12.6,15.7
2018-02-15 00:00:00,0.385,95.07,18.315,5.06,26.2,486.19,485.4395833333333,15.59375,13.8,17.1
2018-03-01 00:00:00,0.36,96.755,38.395,9.4,26.66,494.81,486.24916666666667,14.962499999999999,15.0,18.5
2018-03-16 12:00:00,0.345,96.755,38.395,9.4,26.66,494.81,487.05875,14.331249999999999,16.05,19.875
2018-04-01 00:00:00,0.33,91.82,39.73,9.735,25.3,469.57,487.86833333333334,13.7,17.1,21.25
2018-04-16 00:00:00,0.335,91.82,39.73,9.735,25.3,469.57,488.67791666666665,14.899999999999999,18.450000000000003,22.625
2018-05-01 00:00:00,0.34,97.98,17.81,10.75,27.0,501.07,489.4875,16.1,19.8,24.0
2018-05-16 12:00:00,0.36,97.98,17.81,10.75,27.0,501.07,490.2970833333333,17.3,21.65,26.2
2018-06-01 00:00:00,0.38,105.935,27.765,11.12,29.19,541.75,491.1066666666667,18.5,23.5,28.4
2018-06-16 00:00:00,0.41500000000000004,105.935,27.765,11.12,29.19,541.75,491.91625,19.7,25.2,29.025
2018-07-01 00:00:00,0.45,129.165,22.925,11.035,35.59,660.55,492.72583333333336,20.9,26.9,29.65
2018-07-16 12:00:00,0.455,129.165,22.925,11.035,35.59,660.55,493.53541666666666,22.1,26.85,30.275
2018-08-01 00:00:00,0.46,133.01,26.3,9.83,36.65,680.22,494.345,23.3,26.8,30.9
2018-08-16 12:00:00,0.46,133.01,26.3,9.83,36.65,680.22,495.15458333333333,22.65,26.1,30.25
2018-09-01 00:00:00,0.46,120.225,26.945,8.185,33.13,614.83,495.96416666666664,22.0,25.4,29.6
2018-09-16 00:00:00,0.41500000000000004,120.225,26.945,8.185,33.13,614.83,496.77375,20.2,23.35,27.05
2018-10-01 00:00:00,0.37,103.755,19.26,7.005,28.59,530.61,497.5833333333333,18.4,21.3,24.5
2018-10-16 12:00:00,0.36,103.755,19.26,7.005,28.59,530.61,498.3929166666667,16.75,19.75,22.9
2018-11-01 00:00:00,0.35,94.695,12.54,5.865,26.09,484.27,499.2025,15.1,18.2,21.3
2018-11-16 00:00:00,0.36,94.695,12.54,5.865,26.09,484.27,500.01208333333335,13.3,16.25,19.35
2018-12-01 00:00:00,0.37,97.52,21.305,6.36,26.87,498.72,500.82166666666666,11.5,14.3,17.4
2018-12-16 12:00:00,0.405,97.52,21.305,6.36,26.87,498.72,501.63125,10.15,12.95,15.899999999999999
